,blank,objectid,seating_interest,restaurant_name,legal_business_name,dba,building_number,street,borough,postcode,business_address,time_of_submission,latitude,longitude,nta
0,94,126,both,Mottley Kitchen,Mottley Kitchen LLC,Mottley Kitchen LLC,402,East 140th Street,Bronx,10454,"402 East 140th Street, Bronx, NY",06/19/2020,40.810158,-73.92138299999999,Mott Haven-Port Morris
1,403,435,both,MG 54  BAR AND LOUNGE INC,MG 54  BAR AND LOUNGE INC,MG 54  BAR AND LOUNGE INC,1548,University,Bronx,10452,"1548 University, Bronx, NY",06/19/2020,,,
2,949,981,sidewalk,Seis Vecinos,J&J Prospect Corp,Seis Vecinos Restaurant,640,Prospect Ave,Bronx,10455,"640 Prospect Ave, Bronx, NY",06/19/2020,40.815227,-73.903396,Longwood
3,974,1006,both,The Bronx Beer Hall,The Bronx Beer Hall,The Bronx Beer Hall,2344,Arthur Avenue,Bronx,10460,"2344  Arthur Avenue , Bronx, NY",06/19/2020,40.854246999999994,-73.888674,Belmont
4,1490,1522,sidewalk,El tunnel restaurant & tapas bar inc,El tunnel restaurant & tapas bar inc,El tunnel restaurant & tapas bar inc,2026,Webster ave,Bronx,10457,"2026 Webster ave, Bronx, NY",06/19/2020,40.850929,-73.898996,Mount Hope
5,1897,1929,sidewalk,Charlies Bar & Kitchen,The Clock Cafe LLC,Charlies Bar & Kitchen,112,Lincoln Ave,Bronx,10454,"112 Lincoln Ave, Bronx, NY",06/19/2020,40.807896,-73.92939399999999,Mott Haven-Port Morris
6,2255,2287,sidewalk,McDonalds,SOUTHERN CROSSING FOODS LLC,SOUTHERN CROSSING FOODS LLC,925,HUNTS POINT AVE,Bronx,10459,"925 HUNTS POINT AVE, Bronx, NY",06/20/2020,40.820434000000006,-73.890986,Hunts Point
7,2305,2337,sidewalk,Xime deli corp,Xime deli corp,Xime deli corp,448,East 138th street,Bronx,10454,"448 East 138th street , Bronx, NY",06/20/2020,40.80845,-73.921356,Mott Haven-Port Morris
8,2602,2634,sidewalk,Krystal Bar&Lounge,Liranzo Family Inc.,Krystal Bar&Lounge,1534,University Avenue,Bronx,10452,"1534 University Avenue, Bronx, NY",06/20/2020,40.845763,-73.922035,University Heights-Morris Heights
9,2784,2816,both,Charlies Bar & Kitchen,The Clock Cafe LLC,The Clock Cafe LLC,112,Lincoln Ave,Bronx,10454,"112 Lincoln Ave, Bronx, NY",06/21/2020,40.807896,-73.92939399999999,Mott Haven-Port Morris
10,2842,2874,sidewalk,CARIDAD EXPRESS,DIOSA'S RESTAURANT CORP,DIOSA'S RESTAURANT CORP,710 EAST,138TH STREET,Bronx,10454,"710 EAST  138TH STREET, Bronx, NY",06/21/2020,40.804934,-73.913038,Mott Haven-Port Morris
11,2859,2891,sidewalk,CARIDAD EXPRESS RESTAURANT,DIOSAS'S RESTAURANT CORP. CARIDAD EXPRESS RESTAURANT,DIOSAS'S RESTAURANT CORP. CARIDAD EXPRESS RESTAURANT,710 EAST,138TH STREET,Bronx,10454,"710 EAST  138TH STREET, Bronx, NY",06/21/2020,40.804934,-73.913038,Mott Haven-Port Morris
12,2910,2942,sidewalk,El Caldero Restaurant Sport Bar,1267 LRM CORPORATION,1267 LRM CORPORATION,1267,JEROME AVE,Bronx,10452,"1267 JEROME AVE, Bronx, NY",06/21/2020,40.837357,-73.92048299999999,Highbridge
13,3007,3039,both,1353 RESTAURANT CORP,1353 RESTAURANT CORP,BESTIA KITCHEN,1353,EDWARD L GRANT HWY,Bronx,10452,"1353 EDWARD L GRANT HWY, Bronx, NY",06/21/2020,40.840188,-73.92141600000001,Highbridge
14,3053,3085,both,PHOENIX BAR RESTAURANT LOUNGE,EAGLE & CEDAR GROUP LLC,PHOENIX BAR & RESTAURANT,1404,OGDEN AVE,Bronx,10452,"1404 OGDEN AVE, Bronx, NY",06/21/2020,40.842657,-73.923976,Highbridge
15,3076,3108,both,Boogie Down Grind Cafe,BX Invest LLC dba Boogie Down Grind Cafe,Boogie Down Grind Cafe,868,Hunts Point Avenue,Bronx,10474,"868 Hunts Point Avenue, Bronx, NY",06/21/2020,40.818448,-73.88905600000001,Hunts Point
16,3215,3247,both,CARMEN JONES,CARMEN JONES,EL SASON IDEAL RESTAURANT,148,WEST BURNSIDE AVENUE,Bronx,10453,"148 WEST BURNSIDE AVENUE, Bronx, NY",06/22/2020,40.853922999999995,-73.914604,University Heights-Morris Heights
17,3306,3338,sidewalk,xochimilco family rest inc,xochimilco family rest inc,xochimilco family rest inc,653,melrose ave,Bronx,10455,"653  melrose ave , Bronx, NY",06/22/2020,40.818556,-73.916655,Melrose South-Mott Haven North
18,3427,3460,sidewalk,VENUS RESTAURANT AND LOUNGE LLC,VENUS RESTAURANT AND LOUNGE LLC,VENUS RESTAURANT AND LOUNGE LLC,23,TREMONT AVE,Bronx,10453,"23  TREMONT AVE, Bronx, NY",06/22/2020,,,
19,3495,3528,both,RUINAS DE COPAN RESTAURANT,FRANKLIN PAZ,RUINAS DE COPAN RESTAURANT,483,BROOK AVENUE,Bronx,10455,"483 BROOK AVENUE, Bronx, NY",06/22/2020,40.813387,-73.915863,Mott Haven-Port Morris
20,3571,3606,both,ZERO LOUNGE RESTAURANT INC,ZERO LOUNGE RESTAURANT INC,O'SIDE RESTAURANT & LOUNGE,1472,OGDEN AVENUE,Bronx,10452,"1472 OGDEN AVENUE, Bronx, NY",06/22/2020,40.844034,-73.923642,Highbridge
21,3590,3625,both,El tunnel restaurant & tapas bar inc,El tunnel restaurant & tapas bar inc,El tunnel restaurant & tapas bar inc,2026,Webster ave,Bronx,10457,"2026  Webster ave , Bronx, NY",06/22/2020,40.850929,-73.898996,Mount Hope
22,3760,3795,both,A & K PARTY HALL CORP,A & K PARTY HALL CORP,AQUA,2241,WASHINGTON AVENUE,Bronx,10457,"2241 WASHINGTON AVENUE, Bronx, NY",06/22/2020,40.854402,-73.893865,Claremont-Bathgate
23,4056,4092,both,La Frontera Mexicana Corp.,La Frontera  Mexicana Corp.,La Frontera  Mexicana Corp.,497,E. 138th st,Bronx,10454,"497  E. 138th st, Bronx, NY",06/22/2020,40.807736,-73.919623,Mott Haven-Port Morris
24,4152,4188,sidewalk,Angela's Cuisine,Angela's Cuisine LLC,Angela's Cuisine LLC,440 East,138TH Street,Bronx,10454,"440 East  138TH Street , Bronx, NY",06/23/2020,40.80853,-73.92154000000001,Mott Haven-Port Morris
25,4196,4232,sidewalk,BB Pizza & Dine,BB Pizza,BB Pizza & Dine LLC,605,Southern Blvd,Bronx,10454,"605 Southern Blvd, Bronx, NY",06/23/2020,40.812652,-73.902345,Longwood
26,4209,4245,sidewalk,Los Nísperos,Los Nísperos Peruvian Restaurant,Los Nísperos Peruvian Restaurant,500E 149,brook ave,Bronx,10455,"500E 149 brook ave, Bronx, NY",06/23/2020,,,
27,4220,4256,both,KING GRILL RESTAURANT,169ST KING GRILL RESTAURANT. INC,169ST KING GRILL RESTAURANT. INC,855,EAST 169TH STREET,Bronx,10459,"855 EAST 169TH STREET, Bronx, NY",06/23/2020,40.829253,-73.897251,Morrisania-Melrose
28,4235,4271,sidewalk,Xime deli corp,Xime deli corp,Xime deli corp,448,East 138th st,Bronx,10454,"448 East 138th st, Bronx, NY",06/23/2020,40.80845,-73.921356,Mott Haven-Port Morris
29,4237,4273,sidewalk,CAMPESINO DOMINICANO RESTAURANT,CAMPESINO DOMINICANO RESTAURANT,CAMPESINO DOMINICANO RESTAURANT,1987,UNIVERSITY AVENUE,Bronx,10453,"1987 UNIVERSITY AVENUE, Bronx, NY",06/23/2020,40.854552000000005,-73.911578,University Heights-Morris Heights
30,4330,4366,sidewalk,"27 SPORTS BAR AND CAFE, NC.","27 SPORTS BAR AND CAFE, INC.","27 SPORTS BAR AND CAFE, INC.",2,WEST MOU57NT EDEN,Bronx,10457,"2  WEST MOU57NT EDEN, Bronx, NY",06/23/2020,,,
31,4395,4431,sidewalk,Estrella Bronx Resturant inc.,Estrella Bronx Resturant inc.,Estrella Bronx Resturant inc.,2051,"Webster Ave,",Bronx,10457,"2051 Webster Ave,, Bronx, NY",06/23/2020,40.851289,-73.898786,Mount Hope
32,4718,4756,both,iNINE BISTRO,GEJ Premiere LLC,iNINE Bistro,53,Bruckner Blvd,Bronx,10454,"53 Bruckner Blvd, Bronx, NY",06/24/2020,40.806544,-73.92675899999999,Mott Haven-Port Morris
33,4724,4762,both,iNINE Bistro,GEJ Premiere LLC,iNINE BISTRO,51,Bruckner Blvd,Bronx,10454,"51 Bruckner Blvd, Bronx, NY",06/24/2020,40.806568,-73.926816,Mott Haven-Port Morris
34,4808,4846,both,27 SPORTS BAR AND CAFE INC.,27 SPORTS BAR AND CAFE INC.ON,27 SPORTS BAR AND CAFE INC.ON,2,MOUNT EDEN,Bronx,10457,"2  MOUNT EDEN, Bronx, NY",06/24/2020,,,
35,5024,5062,sidewalk,CONEJA JUICE BAR LLC,CONEJA JUICE BAR LLC,CONEJA JUICE BAR LLC,176,E 174TH STREET,Bronx,10457,"176  E 174TH STREET , Bronx, NY",06/24/2020,40.844803000000006,-73.90897,Mount Hope
36,5025,5063,sidewalk,Noches Mexicanas,Rancho Mío Corp,Noches Mexicanas,524,Brook ave,Bronx,10455,"524 Brook ave, Bronx, NY",06/24/2020,40.814575,-73.915153,Mott Haven-Port Morris
37,5030,5068,both,noches mexicanas,Rancho mío Corp,Noches Mexicanas,524,Brook ave,Bronx,10454,"524  Brook ave , Bronx, NY",06/24/2020,40.814575,-73.915153,Mott Haven-Port Morris
38,5149,5187,sidewalk,Pancho Villa Restaurant Inc,,,2274,Jerome Av,Bronx,10453,"2274  Jerome Av, Bronx, NY",06/24/2020,40.858512,-73.90380400000001,Fordham South
39,5217,5255,both,Saint Ann’s cafe restaurant llc,Saint Ann’s cafe restaurant llc,Saint Ann’s cafe restaurant llc,283,St Ann’s ave,Bronx,10454,"283  St Ann’s ave, Bronx, NY",06/25/2020,,,
40,5232,5270,sidewalk,Reina restaurant,Reina corp,reina corp,1969,University,Bronx,10453,"1969  University , Bronx, NY",06/25/2020,,,
41,5233,5271,sidewalk,FRESCO Y RAPIDO INC,FRESCO Y RAPIDO INC,FRESCO Y RAPIDO INC,128,EAST 174TH STREET,Bronx,10457,"128 EAST 174TH STREET, Bronx, NY",06/25/2020,40.844867,-73.91014100000001,Mount Hope
42,5251,5289,both,Beatstro,Harlem Group PR Corp,Beatstro,135,Alexander Ave,Bronx,10454,"135 Alexander Ave , Bronx, NY",06/25/2020,40.807307,-73.927162,Mott Haven-Port Morris
43,5258,5296,both,Bronx Drafthouse,Harlem Group DR Corp,Bronx Drafthouse,884,Gerard Ave,Bronx,10452,"884 Gerard Ave , Bronx, NY",06/25/2020,40.827932000000004,-73.924675,West Concourse
44,5271,5309,both,Bricks & Hops Beer Garden,Bruckner Garden Corp,Bricks & Hops Beer Garden,65,Bruckner Blvd,Bronx,10454,"65 Bruckner Blvd , Bronx, NY",06/25/2020,40.806391999999995,-73.926397,Mott Haven-Port Morris
45,5283,5321,both,614 MELROSE RESTAURANT CORP,614 MELROSE RESTAURANT CORP,PARRILLA LATINA STEAKHOUSE,614,MELROSE AVE,Bronx,10455,"614 MELROSE AVE, Bronx, NY",06/25/2020,40.817617999999996,-73.917057,Melrose South-Mott Haven North
46,5366,5405,sidewalk,LA FUENTE STEAK HOUSE CORP.,LA FUENTE STEAK HOUSE CORP.,LA FUENTE STEAK HOUSE CORP.,1306,JEROME AVENUE,Bronx,10456,"1306 JEROME AVENUE, Bronx, NY",06/25/2020,40.838267,-73.919134,West Concourse
47,5436,5476,sidewalk,Ceetay,Ceetay corp,Ceetay,129,Alexander Ave,Bronx,10454,"129 Alexander Ave , Bronx, NY",06/25/2020,40.80723,-73.92721999999999,Mott Haven-Port Morris
48,5454,5494,sidewalk,GOTA LOUNGE,KANITA LOUNGE CORP,KANITA LOUNGE CORP,136,EAST 174TH STREET,Bronx,10457,"136 EAST 174TH STREET , Bronx, NY",06/25/2020,40.844859,-73.909971,Mount Hope
49,5626,5666,both,EXITO BAR & LOUNGE CORP.,EXITO BAR & LOUNGE CORP.,EXITO CAFE,960,EAST 165TH STREET,Bronx,10459,"960 EAST 165TH STREET , Bronx, NY",06/26/2020,40.823937,-73.894723,Longwood
50,5708,5748,sidewalk,ADRIAN TROPICAL,ADRIAN TROPICAL,LOS AMIGOS,674,E 180TH STREET,Bronx,10457,"674  E 180TH STREET, Bronx, NY",06/26/2020,40.848406,-73.889411,East Tremont
51,5743,5783,sidewalk,LA LECHONERA CRIOLLA INC,LA LECHONERA CRIOLLA INC,TRAVIESO BUSINESS SERVICE,1709,WEBSTER AVE,Bronx,10457,"1709 WEBSTER AVE, Bronx, NY",06/26/2020,40.843404,-73.903363,Claremont-Bathgate
52,5819,5859,sidewalk,Hudson Smokehouse,Hudson Smokehouse Corp,Hudson Smokehous37e Corp,37,bruckner blvd,Bronx,10454,"37 bruckner blvd, Bronx, NY",06/26/2020,40.806978,-73.92779499999999,Mott Haven-Port Morris
53,5822,5862,sidewalk,Fratilli's Pizzeria Inc,Fratilli's Pizzeria Inc,Fratilli's Pizza & Cafe,404,Hunts Point Ave,Bronx,10474,"404 Hunts Point Ave, Bronx, NY",06/26/2020,40.80962,-73.88074,Hunts Point
54,5907,5947,both,AGAVE RESTAURANT & LOUNGE CORP,AGAVE RESTAURANT & LOUNGE CORP,AGAVE RESTAURANT & LOUNGE CORP,1973,SOUTHERN BLVD,Bronx,10460,"1973  SOUTHERN BLVD, Bronx, NY",06/27/2020,40.843171000000005,-73.885581,East Tremont
55,5942,5982,both,Country Style Restaurant,Country Style Restaurant LLC,Country Style Restaurant LLC,1195,Walton Avenue,Bronx,10452,"1195 Walton Avenue, Bronx, NY",06/27/2020,40.834759999999996,-73.919666,West Concourse
56,5956,5996,both,Vega Alta Sports Bar Inc.,Vega Alta Sports Bar Inc.,Vega Alta Sports Bar Inc.,880,Gerard Avenue,Bronx,10452,"880  Gerard Avenue, Bronx, NY",06/27/2020,40.827883,-73.924708,West Concourse
57,5961,6001,both,el viejo grand cafe corp,el viejo grand cafe corp,el viejo grand cafe corp,498,east 138st,Bronx,10454,"498   east 138st , Bronx, NY",06/27/2020,40.807722,-73.919634,Mott Haven-Port Morris
58,5962,6002,both,Cambumbo express,Pilar express corp,Pilar express corp,504 e,138 st,Bronx,10454,"504 e 138 st , Bronx, NY",06/27/2020,40.807648,-73.91946,Mott Haven-Port Morris
59,5968,6008,sidewalk,EL NUEVO PATIO RESTAURANT CORP,EL NUEVO PATIO RESTAURANT CORP,EL NUEVO PATIO RESTAURANT CORP,1388,EDWARD L GRANT HWY,Bronx,10452,"1388 EDWARD L GRANT HWY, Bronx, NY",06/27/2020,40.841511,-73.92223100000001,Highbridge
60,5974,6014,both,1002 Lounge & Restaurant,1002 Lounge & Restaurant,1002 Lounge & Restaurant,806,E TREMONT AV,Bronx,10460,"806 E TREMONT AV, Bronx, NY",06/27/2020,40.843672999999995,-73.887619,East Tremont
61,5982,6022,roadway,Rinconcito Tepeyac,Rinconcito Tepeyac Inc.,Rinconcito Tepeyac Inc.,381,138th street,Bronx,10454,"381 138th street, Bronx, NY",06/27/2020,,,
62,6026,6066,both,CRUSH BAR & LOUNGE,EXOTIC LOUNGE INC,CRUSH BAR AND LOUNGE,10,WEST MOUNT EDEN AVE,Bronx,10452,"10 WEST MOUNT EDEN AVE, Bronx, NY",06/27/2020,40.844495,-73.91514000000001,West Concourse
63,6028,6068,both,COPAS LOUNGE,MOFONLOUNGE CORP,MOFONLOUNGE CORP,894,EAST TREMONT AVE,Bronx,10460,"894 EAST TREMONT AVE, Bronx, NY",06/27/2020,40.842171,-73.884578,East Tremont
64,6030,6070,sidewalk,Las Palmas Bakery LLC,Las Palmas Bakery LLC,Las Palmas Bakery LLC,2269,Jerome Ave,Bronx,10453,"2269  Jerome Ave, Bronx, NY",06/27/2020,40.858226,-73.904003,Fordham South
65,6045,6085,both,Parrillas Azteca,Parrilla Azteca Cibaena Inc,Parrilla Azteca Cibaena Inc,1288,Weschester Ave,Bronx,10459,"1288 Weschester Ave, Bronx, NY",06/27/2020,,,
66,6053,6093,sidewalk,noches de palenque,Casa Zola Corp,Noches de Palenque,561,Southern blvd,Bronx,10455,"561 Southern blvd , Bronx, NY",06/27/2020,40.8124,-73.903245,Longwood
67,6075,6115,sidewalk,Juanito Restaurant corp,Juanito Restaurant Corp,Juanito Restaurant Corp,494 E,138 st,Bronx,10454,"494 E  138 st , Bronx, NY",06/28/2020,40.807771,-73.919749,Mott Haven-Port Morris
68,6080,6120,sidewalk,El Barril Restaurant & Lounge Corp,El Barril Restaurant & Lounge Corp,El Barril Restaurant & Lounge Corp,414 E,138 St,Bronx,10454,"414 E 138 St, Bronx, NY",06/28/2020,40.808783,-73.922143,Mott Haven-Port Morris
69,6082,6122,sidewalk,Lili Mexican Rest Corp,Lili Mexican Rest Corp,Lili Mexican Rest Corp,415 E,138 st,Bronx,10454,"415 E 138 st, Bronx, NY",06/28/2020,40.808778000000004,-73.922085,Mott Haven-Port Morris
70,6084,6124,sidewalk,Bar & restaurant el salvadoreno,Bar& restaurant el salvadoreno  Corp,Bar& restaurant el salvadoreno  Corp,451-455,Morris park Avenue,Bronx,10460,"451-455 Morris park Avenue , Bronx, NY",06/28/2020,40.840548,-73.87304499999999,East Tremont
71,6131,6171,sidewalk,TITO EMPANADAS & MAS,TITOS EMPANADAS Y MAS CORP,TITOS EMPANADAS Y MAS CORP,1221,JEROME AVE,Bronx,10452,"1221 JEROME AVE, Bronx, NY",06/28/2020,40.836582,-73.922107,Highbridge
72,6138,6178,sidewalk,Sabor A Mexico II,Cariely Restaurant Corp,Sabor A Mexico II,233,east 77th street,Manhattan,10454,"233 east 77th street, Manhattan, NY",06/28/2020,40.772615,-73.957401,Lenox Hill-Roosevelt Island
73,6148,6188,both,kalopsia restaurant,kalopsia restaurant corp,kalopsia restaurant corp,1324,jeromea ave,Bronx,10452,"1324 jeromea ave, Bronx, NY",06/28/2020,,,
74,6235,6275,sidewalk,MARIBELLA PARADISE RESTAURANT CORP,MARIBELLA PARADISE RESTAURANT CORP,MARIBELLA PARADISE RESTAURANT CORP,1460,MACOMBS RD,Bronx,10452,"1460 MACOMBS RD, Bronx, NY",06/29/2020,40.841519,-73.917735,Highbridge
75,6427,6468,both,Mi Mexico Bar restaurant Corp.,El Chicanito restaurant bar,El Chicanito restaurant bar,435,E. 153rd St.,Bronx,10455,"435  E. 153rd St., Bronx, NY",06/29/2020,40.818698,-73.915758,Melrose South-Mott Haven North
76,6434,6475,both,Mofongo el mocano restaurant,mofongo el mocano restaurant and lounge corp,mofongo el mocano restaurant and lounge corp,985,morris av,Bronx,10456,"985 morris av , Bronx, NY",06/30/2020,40.828506,-73.916855,East Concourse-Concourse Village
77,6454,6495,sidewalk,La Patrona Restaurant Corp,La Patrona Restaurant Corp,La Patrona Restaurant Corp,812,E. 149th Street,Bronx,10455,"812 E. 149th Street, Bronx, NY",06/30/2020,40.812581,-73.905962,Mott Haven-Port Morris
78,6553,6595,sidewalk,Mi Romance Ecuatoriano,Mi Romance Ecuatoriano Inc.,Mi Romance Ecuatoriano Inc.,524 A,Brook Ave.,Bronx,10455,"524 A  Brook Ave., Bronx, NY",06/30/2020,40.814575,-73.915153,Mott Haven-Port Morris
79,6555,6597,both,ANYELISA REST CORP.,ANYELISA REST CORP.,ANYELISA REST CORP.,28,EAST 167TH STREET,Bronx,10452,"28  EAST 167TH STREET , Bronx, NY",06/30/2020,40.835837,-73.921631,West Concourse
80,6593,6635,sidewalk,mamas place restaurant llc,Mamas place restaurant llc,Mamas place restaurant llc,514,E 138 st,Bronx,10454,"514 E 138 st, Bronx, NY",06/30/2020,40.807417,-73.91891899999999,Mott Haven-Port Morris
81,6603,6645,both,EL TIMBIRICHI RESTAURANT CORP.,EL TIMBIRICHI RESTAURANT CORP,EL TIMBIRICHI RESTAURANT CORP,168,EAST 174TH STREET,Bronx,10457,"168 EAST 174TH STREET, Bronx, NY",06/30/2020,40.844812,-73.909104,Mount Hope
82,6681,6723,both,"PAPAYE RESTAURANT, INC","PAPAYE RESTAURANT, INC","PAPAYE RESTAURANT, INC",196,MCLELLAN STREET,Bronx,10456,"196 MCLELLAN STREET, Bronx, NY",07/01/2020,,,
83,6696,6740,both,640 EAST RESTAURANT CORP,640 EAST RESTAURANT CORP,EL VALLE,640,MELROSE AVENUE,Bronx,10455,"640 MELROSE AVENUE, Bronx, NY",07/01/2020,40.81843,-73.916687,Melrose South-Mott Haven North
84,6699,6743,both,SOUTHERN BLVD'S CAFE CORP,SOUTHERN BLVD'S CAFE CORP,EL VALLE RESTAURANT,794,SOUTHERN BLVD,Bronx,10455,"794 SOUTHERN BLVD, Bronx, NY",07/01/2020,40.816012,-73.896517,Longwood
85,6717,6761,roadway,Test,Test,Test,555,Test,Bronx,10455,"555 Test, Bronx, NY",07/01/2020,,,
86,6739,6783,sidewalk,Don Chile Mexican Grill,DON CHILE MEXICAN GRILL CORP.,DON CHILE MEXICAN GRILL CORP.,801,Southern Boulevard,Bronx,10459,"801  Southern Boulevard, Bronx, NY",07/01/2020,40.816456,-73.896086,Hunts Point
87,6760,6804,both,El Diamante Restaurant Corp,El Diamante Restaurant Corp,El Diamante Restaurant,4371,Third Avenue,Bronx,10457,"4371 Third Avenue, Bronx, NY",07/01/2020,40.850478,-73.894215,Claremont-Bathgate
88,6787,6831,both,1900 JEROME AVE SPORTS BAR INC,1900 JEROME AVE SPORTS BAR INC,1900 JEROME AVE SPORTS BAR INC,1900,JEROME AVENUE,Bronx,10453,"1900 JEROME AVENUE, Bronx, NY",07/01/2020,40.85042,-73.91036899999999,Mount Hope
89,6976,7020,both,SABOR DE MI TIERRA RESTAURANT CORP,SABOR DE MI TIERRA RESTAURANT CORP,SABOR DE MI TIERRA RESTAURANT CORP,1712,UNIVERSITY AVENUE,Bronx,10453,"1712  UNIVERSITY AVENUE, Bronx, NY",07/02/2020,40.848620000000004,-73.918019,University Heights-Morris Heights
90,6982,7026,sidewalk,Casa del Mar,"Webster Avenue Enterprise, Inc.","Webster Avenue Enterprise, Inc.",1779,Webster Avenue,Bronx,10457,"1779 Webster Avenue, Bronx, NY",07/02/2020,40.845399,-73.902243,Mount Hope
91,7008,7052,sidewalk,lechonera pollo sabroso,1089 lechonera corp.,lechonera pollo sabroso,1089,southern boulevard,Bronx,10459,"1089  southern boulevard, Bronx, NY",07/02/2020,40.825831,-73.891931,Hunts Point
92,7021,7066,sidewalk,SANTA CLARITA RESTAURANT CORP,SANTA CLARITA RESTAURANT CORP,SANTA CLARITA RESTAURANT CORP,237,WILLIS AVE,Bronx,10454,"237  WILLIS AVE, Bronx, NY",07/02/2020,40.809212,-73.922822,Mott Haven-Port Morris
93,7154,7207,both,Reina Restaurant,Reina Restaurant,Reina Restaurant,1969,University Avenue,Bronx,10453,"1969  University Avenue, Bronx, NY",07/03/2020,40.854324,-73.911824,University Heights-Morris Heights
94,7160,7213,both,La Espiga 3 Estrellas,La Espiga 3 Estrellas Corp.,La Espiga 3 Estrellas,558,Southern Blvd.,Bronx,10455,"558  Southern Blvd., Bronx, NY",07/03/2020,40.812373,-73.903278,Longwood
95,7255,7308,both,Burger chimi tropical,Burger chimi tropical corp.,Burger chimi tropical corp.,940,Southern Blvd,Bronx,10459,"940 Southern Blvd, Bronx, NY",07/05/2020,40.821096000000004,-73.89161700000001,Hunts Point
96,7324,7377,sidewalk,Rinconcito Tepeyac,Rinconcito Tepeyac Inc.,Rinconcito Tepellac Inc.,381E,138th Street,Bronx,10454,"381E 138th Street, Bronx, NY",07/06/2020,40.809338000000004,-73.92341400000001,Mott Haven-Port Morris
97,7325,7378,sidewalk,Rinconcito Tepeyac,Rinconcito Tepellac Inc.,Rinconcito Tepellac Inc.,381 E,138th street,Bronx,10454,"381 E 138th street , Bronx, NY",07/06/2020,40.809338000000004,-73.92341400000001,Mott Haven-Port Morris
98,7393,7446,both,MORENA RESTAURANT,MORENA RESTAURANT L.L.C,MORENA RESTAURANT L.L.C,2151,JEROME AVE,Bronx,10453,"2151 JEROME AVE, Bronx, NY",07/06/2020,40.855853,-73.905528,University Heights-Morris Heights
99,7420,7473,both,quiet bar restaurant,quiet bar restaurant llc,quiet bar restaurant,535,east tremont av,Bronx,10457,"535 east tremont av, Bronx, NY",07/06/2020,40.846623,-73.895923,East Tremont
100,7422,7475,both,LA CUEVA FONDA RESTAURANTE,MARTINEZ & NINO CORP,LA CUEVA FONDA RESTAURANTE,961,LEGGETT AVENUE,Bronx,10455,"961 LEGGETT AVENUE, Bronx, NY",07/06/2020,40.815298999999996,-73.900214,Longwood
101,7505,7558,sidewalk,Suyo gastrofusion,KIMO MANAGEMENT GROUP,KIMO MANAGEMENT GROUP CORP50083399,1401,Plaza dr,Bronx,10452,"1401 Plaza dr, Bronx, NY",07/07/2020,40.840501,-73.91800400000001,Highbridge
102,7511,7564,sidewalk,PILAR EXPRESS CORP.,PILAR EXPRESS CORP.,PILAR EXPRESS CORP.,502,"EAST 138TH STREET, STORE 4",Bronx,10454,"502 EAST 138TH STREET, STORE 4, Bronx, NY",07/07/2020,40.807672,-73.91951800000001,Mott Haven-Port Morris
103,7642,7696,sidewalk,TROPILYZ III RESTAURANT CORP.,TROPILYZ III RESTAURANT CORP.,TROPILYZ III RESTAURANT CORP.,358,EAST 149TH,Bronx,10455,"358 EAST 149TH , Bronx, NY",07/08/2020,,,
104,7708,7762,both,EL MACO RESTAURANT CORP.,EL MACO RESTAURANT CORP.,EL MACO RESTAURANT CORP.,1481,JEROME AVE,Bronx,10452,"1481 JEROME AVE, Bronx, NY",07/08/2020,40.841713,-73.91664399999999,Highbridge
105,7764,7818,roadway,Krystal Bar&Lounge,Liranzo Family Inc,Krystal Bar&Lounge,1534,University Avenue,Bronx,10452,"1534 University Avenue, Bronx, NY",07/08/2020,40.845763,-73.922035,University Heights-Morris Heights
106,7927,7981,sidewalk,Margheritas Pizza,Margherita’s Pizza Corp,Margherita’s Pizza Corp,945,East 163rd street,Bronx,10459,"945 East 163rd street , Bronx, NY",07/09/2020,40.821003999999995,-73.896209,Longwood
107,7983,8037,both,El líder bar restaurant,El líder bar restaurant,El líder bar restaurant,4535,Park ave,Bronx,10457,"4535  Park ave , Bronx, NY",07/10/2020,40.855498,-73.894857,Fordham South
108,8019,8073,sidewalk,El Bohio Sabroso,El Bohio Sabroso,El Bohio Sabroso,1155,Webster ave,Bronx,10456,"1155 Webster ave, Bronx, NY",07/11/2020,40.830436,-73.91067,East Concourse-Concourse Village
109,8069,8124,roadway,LaileileiJuice&SnackBar,Laileilei Juice & Snack Bar,Laileilei Juice & Snack Bar,832,Westchester Avenue,Bronx,10455,"832 Westchester Avenue, Bronx, NY",07/12/2020,40.81945,-73.902046,Melrose South-Mott Haven North
110,8162,8217,both,La Espanola Way Inc,La Espanola Way Inc,Tequila & Mezcal,1292,Westchester Avenue,Bronx,10459,"1292  Westchester Avenue, Bronx, NY",07/13/2020,40.827319,-73.88674300000001,Hunts Point
111,8232,8287,sidewalk,GOTA LOUNGE,KANITA LOUNGE CORP,KANITA LOUNGE CORP,128,EAST 174TH STREET,Bronx,10457,"128  EAST 174TH STREET, Bronx, NY",07/14/2020,40.844867,-73.91014100000001,Mount Hope
112,8234,8289,both,D'Angel Billiards,D'Angel Billiards Corp,D'Angel Billiards Corp,857,East 149th Street,Bronx,10455,"857 East 149th Street, Bronx, NY",07/14/2020,40.811896000000004,-73.903882,Longwood
113,8241,8296,both,"27 SPORTS BAR AND CAFE, INC.",27 SPORTS BAR AND CAFE INC.,27 SPORTS BAR AND CAFE INC.,2,WEST MOUNT EDEN AVENUE,Bronx,10452,"2  WEST MOUNT EDEN AVENUE, Bronx, NY",07/14/2020,40.844404,-73.914916,West Concourse
114,8252,8307,both,MADE IN PR BAR & LOUNGE,MADE IN PUERTO RICO LATIN CUISINE & SPORTS BAR CORP.,MADE IN PR BAR & LOUNGE,26,BRUCKNER BLVD,Bronx,10454,"26 BRUCKNER BLVD, Bronx, NY",07/14/2020,40.807214,-73.928405,Mott Haven-Port Morris
115,8278,8333,sidewalk,pique 86 restaurant,pique 86 restaurant corp,pique 86 restaurant,220E,198th st,Bronx,10452,"220E  198th st , Bronx, NY",07/14/2020,40.869706,-73.890221,Bedford Park-Fordham North
116,8334,8389,both,La Coneja Juice Bar,La Coneja Juice Bar LLC,La Coneja Juice Bar LLC,176,E 174 st,Bronx,10457,"176 E 174 st, Bronx, NY",07/14/2020,40.844803000000006,-73.90897,Mount Hope
117,8335,8390,both,Burger Chimi Tropical,Burger Chimi Tropical Corp,Burger Chimi Tropical Corp,940,Southern Boulevard,Bronx,10459,"940  Southern Boulevard, Bronx, NY",07/14/2020,40.821096000000004,-73.89161700000001,Hunts Point
118,8364,8419,sidewalk,The Juicer Shack,The Juicer Shack,Conrado Balderas (DBA) The Juicer Shack,1086,Southern Blvd,Bronx,10459,"1086 Southern Blvd, Bronx, NY",07/15/2020,40.825655,-73.891913,Hunts Point
119,8465,8521,both,Angiolina's Restaurant,Angiolinas Restaurant Inc,Angiolinas Restaurant Inc,1322A,Jerome Avenue,Bronx,10452,"1322A Jerome Avenue, Bronx, NY",07/15/2020,40.838534,-73.91889499999999,West Concourse
120,8582,8638,both,LA SABROSURA 1 RESTAURANT CORP.,LA SABROSURA 1 RESTAURANT CORP.,LA SABROSURA 1 RESTAURANT CORP.,25A,EAST 172TH STREET,Bronx,10452,"25A EAST 172TH STREET , Bronx, NY",07/16/2020,40.842157,-73.915736,West Concourse
121,8599,8655,roadway,LA FUENTE STEAK HOUSE CORP.,LA FUENTE STEAK HOUSE CORP.,LA FUENTE STEAK HOUSE CORP.,1306,JEROME AVENUE,Bronx,10452,"1306 JEROME AVENUE, Bronx, NY",07/16/2020,40.838267,-73.919134,West Concourse
122,8600,8656,both,LA FUENTE STEAK HOUSE CORP.,LA FUENTE STEAK HOUSE CORP.,LA FUENTE STEAK HOUSE CORP.,1306,JEROME AVENUE,Bronx,10452,"1306 JEROME AVENUE, Bronx, NY",07/16/2020,40.838267,-73.919134,West Concourse
123,8604,8660,sidewalk,880 ROY'S RESTAURANT & BAR CORP.,880 ROY'S RESTAURANT & BAR CORP.,880 ROY'S RESTAURANT & BAR CORP.,880,E TREMONT AVE,Bronx,10460,"880 E TREMONT AVE, Bronx, NY",07/16/2020,40.84279,-73.885846,East Tremont
124,8606,8662,both,880 ROY'S RESTAURANT & BAR CORP.,880 ROY'S RESTAURANT & BAR CORP.,880 ROY'S RESTAURANT & BAR CORP.,1951,SOUTHERN BLVD,Bronx,10460,"1951  SOUTHERN BLVD, Bronx, NY",07/16/2020,40.84254,-73.885705,East Tremont
125,8610,8666,both,Fantasy Bar and Restaurant,Fantasy Bar and Restaurant Corp,Fantasy Bar and Restaurant Corp,23,E Tremont Ave,Bronx,10453,"23 E Tremont Ave, Bronx, NY",07/16/2020,40.851583000000005,-73.908834,Mount Hope
126,8686,8742,both,LA SABROSURA 1 RESTAURANT CORP.,LA SABROSURA 1 RESTAURANT CORP.,LA SABROSURA 1 RESTAURANT CORP.,25A,EAST 170TH STREET,Bronx,10452,"25A EAST 170TH STREET, Bronx, NY",07/17/2020,40.839841,-73.916653,West Concourse
127,8725,8781,both,Pio Pio Restaurant,Pio Pio NYC Inc,Pio Pio Restaurant,264,Cypress Avenue,Bronx,10454,"264 Cypress Avenue, Bronx, NY",07/17/2020,40.806016,-73.914239,Mott Haven-Port Morris
128,8796,8853,sidewalk,Outside looking in restaurant lounge inc,Outside looking in restaurant lounge inc,Outside looking in restaurant lounge inc,1877,Carter av,Bronx,10457,"1877 Carter av, Bronx, NY",07/18/2020,40.847325,-73.901915,Mount Hope
129,8866,8923,sidewalk,star restaurant and cafe,star restaurant and cafe,star restaurant and cafe,1298,westchester ave,Bronx,10459,"1298  westchester ave, Bronx, NY",07/19/2020,40.827382,-73.88662,Hunts Point
130,8878,8935,both,La Penda II Restaurant,La Penda II Restaurant LLC,La Penda II Restaurant LLC,485,E. 180th St.,Bronx,10457,"485 E. 180th St., Bronx, NY",07/20/2020,40.851357,-73.895323,Claremont-Bathgate
131,8899,8956,both,Hungry Bird,Mahek Limited Liability Company,Mahek Limited Liability Company,980,Morris Avenue,Bronx,10456,"980 Morris Avenue, Bronx, NY",07/20/2020,40.828434,-73.91686999999999,East Concourse-Concourse Village
132,8917,8974,sidewalk,Mi Pueblito,Mi Pueblito Inc,Mi Pueblito Inc,111 East,167 street,Bronx,10452,"111 East 167 street, Bronx, NY",07/20/2020,40.834957,-73.918994,West Concourse
133,8962,9018,both,TULARCITO BAKERY LLC,TULARCITO BAKERY LLC,TULARCITO BAKERY LLC,1328,JEROME AVE,Bronx,10452,"1328 JEROME AVE, Bronx, NY",07/20/2020,40.838632000000004,-73.91882700000001,West Concourse
134,8984,9040,sidewalk,CARIDAD SEA FOOD RESTAURANT CORP.,CARIDAD SEA FOOD RESTAURANT CORP.,CARIDAD SEA FOOD RESTAURANT CORP.,410,EAST TREMONT AVE,Bronx,10457,"410  EAST TREMONT AVE, Bronx, NY",07/21/2020,40.847596,-73.900487,Mount Hope
135,9092,9148,sidewalk,El Despertar Marlene Inc.,El Despertar Marlene Inc.,El Despertar Marlene Inc.,849,Prospect Ave,Bronx,10459,"849  Prospect Ave, Bronx, NY",07/22/2020,40.820172,-73.901424,Melrose South-Mott Haven North
136,9161,9217,sidewalk,Solimar Grill Restaurant,Solimar Grill Restaurant,Solimar Grill Restaurant,1800,Archer Street,Bronx,10460,"1800  Archer Street, Bronx, NY",07/23/2020,40.837508,-73.867131,West Farms-Bronx River
137,9201,9257,both,Seis Vecinos Restaurant,J&J Prospect Corp,Seis Vecinos Restaurant,640,Prospect Ave,Bronx,10455,"640 Prospect Ave, Bronx, NY",07/24/2020,40.815227,-73.903396,Longwood
138,9275,9332,sidewalk,Seis Vecinos Restaurant,J&J Prospect Corp,Seis Vecnos Restaurant,640,Prospect Ave,Bronx,10455,"640 Prospect Ave, Bronx, NY",07/25/2020,40.815227,-73.903396,Longwood
139,9313,9370,both,619 Bar & Restaurant El Salvadoreno,619 Bar & Restaurant El Salvadoreno Corp.,619 Bar & Restaurant El Salvadoreno Corp.,619,Melrose Avenue,Bronx,10455,"619 Melrose Avenue, Bronx, NY",07/26/2020,40.81773,-73.917028,Melrose South-Mott Haven North
140,9327,9384,sidewalk,Antojitos La Garnacha,Antojitos La Garnacha Corp,Antojitos La Garnacha Corp,8,E 183rd Street,Bronx,10453,"8 E 183rd Street, Bronx, NY",07/27/2020,40.858624,-73.903471,Fordham South
141,9347,9404,sidewalk,Hungry Bird,Mahek Limited Liability Company,Hungry Bird,980,Morris Avenue,Bronx,10456,"980 Morris Avenue, Bronx, NY",07/27/2020,40.828434,-73.91686999999999,East Concourse-Concourse Village
142,9384,9441,both,LOS SAZONES LATINO CORP.,LOS SAZONES LATINO CORP.,LOS SAZONES LATINO CORP.,1048,WOODYCREST AVE,Bronx,10452,"1048  WOODYCREST AVE, Bronx, NY",07/27/2020,40.833529999999996,-73.927293,Highbridge
143,9418,9475,both,El Jaguar Restaurant Corp,El Jaguar Restaurant Corp,El Jaguar Restaurant,536,East 138th Street,Bronx,10454,"536 East 138th Street, Bronx, NY",07/28/2020,40.807087,-73.918154,Mott Haven-Port Morris
144,9458,9515,sidewalk,Taco Bell Cantina,GFE RIVER AVENUE LLC,Taco Bell,880,River Avenue,Bronx,10452,"880 River Avenue, Bronx, NY",07/29/2020,40.828333,-73.925625,West Concourse
145,9509,9566,roadway,Don Chile Mexican Grill,Don Chile Mexican Grill Corp,Don Chile Mexican Grill Corp,801,Southern Boulevard,Bronx,10459,"801  Southern Boulevard , Bronx, NY",07/30/2020,40.816456,-73.896086,Hunts Point
146,9510,9567,roadway,Don Chile Mexican Grill,Don Chile Mexican Grill Corp,Don Chile Mexican Grill Corp,801,Southern Boulevard,Bronx,10459,"801 Southern Boulevard, Bronx, NY",07/30/2020,40.816456,-73.896086,Hunts Point
147,9593,9650,both,Seis Vecinos Restaurant,J&J Prospect Corp,Seis Vecinos Restaurant,640,Prospect Ave,Bronx,10455,"640 Prospect Ave, Bronx, NY",07/31/2020,40.815227,-73.903396,Longwood
148,9617,9674,both,XOCHIMILCO FAMILY REST INC,XOCHIMILCO FAMILY REST INC,XOCHIMILCO FAMILY REST INC,653,MELROSE AVE,Bronx,10455,"653 MELROSE AVE, Bronx, NY",08/01/2020,40.818556,-73.916655,Melrose South-Mott Haven North
149,9626,9683,sidewalk,dunkin donuts,ANDHRA FOODS INC,dunkin donuts,1167 a,webster avenue,Bronx,10456,"1167 a  webster avenue, Bronx, NY",08/01/2020,40.831103000000006,-73.910297,East Concourse-Concourse Village
150,9634,9691,sidewalk,dunkin donuts,BRONX 170 FOODS INC,dunkin donuts,140e,170th street,Bronx,10452,"140e 170th street, Bronx, NY",08/01/2020,40.839088000000004,-73.91475,West Concourse
151,9636,9693,sidewalk,dunkin donuts,BRONX BRUCKNER FOODS INC,dunkin donuts,114,bruckner blvd,Bronx,10454,"114 bruckner blvd, Bronx, NY",08/01/2020,40.804636,-73.922271,Mott Haven-Port Morris
152,9652,9709,sidewalk,dunkin donuts,BRONX PROSPECT FOODS INC,dunkin donuts,839,prospect avenue,Bronx,10459,"839 prospect avenue, Bronx, NY",08/02/2020,40.820067,-73.90146700000001,Melrose South-Mott Haven North
153,9668,9724,sidewalk,dunkin donuts,BRONX BROOK FOODS INC,dunkin donuts,513 e,138th street,Manhattan,10454,"513 e 138th street, Manhattan, NY",08/02/2020,,,
154,9673,9729,sidewalk,pastelillos house & deli,the pastelillos house &deli,the pastelillos house &deli,613,138 ST,Bronx,10454,"613 138 ST, Bronx, NY",08/02/2020,,,
